<?xml version="1.0" encoding="UTF-8"?>
<!DOCTYPE mapper PUBLIC "-//mybatis.org//DTD Mapper 3.0//EN" 
	" http://mybatis.org/dtd/mybatis-3-mapper.dtd">
<mapper namespace="Member">
	<resultMap type="memberVO" id="selectMap">
		<result property="userid" column="userid" /> 
		<result property="name" column="name" />
		<result property="gender" column="gender" />
		<result property="city" column="city" />
	</resultMap>
	<select id="selectall" resultMap="selectMap"> SELECT * FROM Member ORDER BY userid DESC </select>

</mapper>
